{
    "Pricing": {
        "Free": {
            "Monthly": "$0 per channel",
            "Yearly": "$0 per channel",
            "Description": "For individuals and businesses getting started with social media.",
            "Features": [
                "Connect up to 3 channels",
                "Planning & publishing tools",
                "Landing page builder",
                "AI Assistant"
            ]
        },
        "Essentials": {
            "Monthly": "$5 per channel",
            "Yearly": "$60 (billed at $72 yearly)",
            "Description": "For professionals who use publishing, analytics & engagement tools.",
            "Features": [
                "Free features, plus:",
                "Engagement tools",
                "Analytic reports"
            ]
        },
        "Team": {
            "Monthly": "$10 per channel",
            "Yearly": "$120 (billed at $144 yearly)",
            "Description": "For teams who want unlimited users, collaboration, and reporting.",
            "Features": [
                "Essentials features, plus:",
                "Unlimited team members & clients",
                "Draft collaboration tools"
            ]
        },
        "Agency": {
            "Monthly": "$100 for 10 channels",
            "Yearly": "$1200 (billed at $1440 yearly)",
            "Description": "For marketing agencies with 10 or more channels.",
            "Features": [
                "Team features, plus:",
                "Custom access & permissions",
                "Agency-friendly pricing"
            ]
        }
    },
    "Comparison": {
        "Basics": {
            "Monthly Price": {
                "Free": "Always $0",
                "Essentials": "Starts at $5/mo",
                "Team": "Starts at $10/mo",
                "Agency": "Starts at $100/mo (Billed at $1200/yr)"
            },
            "Channels": {
                "Free": "Up to 3",
                "Essentials": "$5/mo per channel",
                "Team": "$10/mo per channel",
                "Agency": "$1200/yr for the first 10 channels. Additional channels for $60/yr per channel"
            },
            "Scheduling Posts": {
                "Free": "10 per channel",
                "Essentials": "Unlimited*",
                "Team": "Unlimited*",
                "Agency": "Unlimited*"
            }
        },
        "Channels": [
            "Instagram",
            "TikTok",
            "Facebook",
            "Twitter",
            "LinkedIn",
            "Threads",
            "Mastodon",
            "YouTube",
            "Google",
            "Pinterest",
            "Start Page"
        ],
        "Content Creation": {
            "Buffer AI Assistant": "Generate new posts for your Buffer schedule, repurpose existing posts, and come up with endless new ideas",
            "Ideas": {
                "Free": "100 ideas",
                "Essentials": "2000 ideas",
                "Team": "2000 ideas",
                "Agency": "2000 ideas"
            },
            "Drafts": "Save your content for later on mobile or desktop",
            "Canva": "Import content directly from Canva",
            "Google, OneDrive, Dropbox Integrations": "Import content directly from your favorite cloud storage provider",
            "Post Previews": "See how your posts will appear on each channel",
            "Browser Extension": "Open the composer on any web page and add posts directly to your queue"
        },
        "Publishing": {
            "Content Scheduling": "Create posts and schedule their release for each channel",
            "Custom Schedules": "Set time slots throughout each week for your content to be released",
            "Tailored Posts for Each Channel": "Seamlessly iterate on content to customize posts for each channel",
            "Queue or Calendar View": "View your content as a chronological feed or in a calendar view",
            "Mentions": "Tag other Facebook, LinkedIn, Instagram, and TikTok Pages (some restrictions apply)",
            "Twitter Threads": {
                "Free": "1 at a time",
                "Essentials": "Unlimited",
                "Team": "Unlimited",
                "Agency": "Unlimited"
            },
            "Custom Video Thumbnails": "Choose a custom thumbnail and title for your videos",
            "Hashtag Manager": "Create, save, reuse, and optimize groups of hashtags for your social channels",
            "First Comment Scheduling": "Schedule a first comment with your Instagram or LinkedIn posts",
            "Shuffle Queue": "Shuffle the order of the posts in your queue",
            "Link Shorteners": "Shorten links to buff.ly, bit.ly, or your own domain (through bit.ly)",
            "Video Scheduling": "Schedule video to Reels, TikTok, YouTube Shorts and more",
            "Tags": {
                "Free": "3",
                "Essentials": "250",
                "Team": "250",
                "Agency": "250"
            },
            "Landing Page": "Build a simple, flexible landing page with Start Page"
        },
        "Analytics, Insights & Reporting": [
            "Performance Overview",
            "Individual Post Analytics",
            "Historical Data Access",
            "Data Storage",
            "Tag Analysis",
            "Boosted Post Insights",
            "Hashtag Performance",
            "Audience Demographics",
            "Machine Learning Insights",
            "Instagram Stories Analytics",
            "Shopify Performance",
            "Custom Reports",
            "Exportable Reports",
            "Branded Reports",
            "Cover Page"
        ],
        "Engagement": [
            "Grid view",
            "Important Comment Detection",
            "Hotkeys",
            "Easy Account Switching"
        ],
        "Team Management": [
            "Included Users",
            "Draft Post Management",
            "Custom Access & Permissions",
            "Approval Workflow Tools",
            "Notes"
        ],
        "Integrations & Apps": [
            "iOS and Android Apps",
            "30+ Third-Party Integrations",
            "Two Factor Authentication",
            "Google Analytics integration",
            "Custom UTM parameters"
        ],
        "Support & Community": [
            "Self-Service Knowledge Base",
            "Social Media Support",
            "Email Support"
        ]
    }
}