{
    "Webinar": {
        "Title": "Unleash Your Growth Engine: Strategies for Scalable Innovation & Sustainable Growth",
        "Date": "June 18th",
        "Time": "1:00 PM EST",
        "Registration": "Register Now"
    },
    "Languages": [
        "English", "Español", "Português", "Français", "Deutsch", "Italiano", "العربية", "简体中文", "日本語", "한국어", "Tiếng Việt"
    ],
    "Products": {
        "IdeaScale Tour": "General tour of IdeaScale",
        "IdeaScale Whiteboard Tour": "NEW",
        "Integrations": "Various integrations with other platforms"
    },
    "Solutions": [
        "Enterprise", "Government", "Education", "Platform Services"
    ],
    "Pricing": {
        "Flexible Pricing": "Customizable pricing based on features, scope, and needs",
        "Custom Subscriptions": "Tailored plans available upon request",
        "Free Version": {
            "Limitations": {
                "Community": 1,
                "Users": 50,
                "Admin": 1
            }
        },
        "Upgrades": "Available from free to paid plans with more features",
        "Contracts": "Flexible billing options"
    },
    "Features": [
        "Idea Submission",
        "Voting and Commenting",
        "Reporting and Analytics",
        "Community Building",
        "Customization Options"
    ],
    "FAQs": {
        "Cost": "Variety of plans available; recommend booking a demo",
        "Free Trial": "Yes, free version available",
        "Free Version Limitations": "1 community, 50 users, 1 admin",
        "Upgrade": "Available from free to paid plans",
        "Contracts": "Flexible billing options"
    }
}