{
    "Essentials": {
        "Price": "₹6000 / Month",
        "MAU_Options": [
            "Up to 5000 MAU",
            "Up to 20,000 MAU",
            "Up to 40,000 MAU",
            "Up to 60,000 MAU",
            "Up to 80,000 MAU",
            "Up to 100,000 MAU",
            "100,000+ MAU"
        ],
        "Features": [
            "Craft Omni-Channel Experiences",
            "Curate your Audience",
            "Experiment, Measure and Optimize"
        ],
        "Free_Trial": "30 day free trial for apps with < 100K MAUs"
    },
    "Advanced": {
        "Price": "Talk to us",
        "Features": [
            "Everything in Essentials +",
            "Win with Hyper-Personalization",
            "Automate Segmentation",
            "Run Advanced Analytics",
            "Use Premium Engagement Channels",
            "Grow With a Scalable. Interoperable Platform"
        ]
    },
    "Cutting Edge": {
        "Price": "Talk to us",
        "Features": [
            "Everything in Advanced +",
            "Add Intelligence to your Campaigns",
            "Predictive Segmentation",
            "Deliver real time product recommendations",
            "Simplify Execution"
        ]
    },
    "Add-Ons": [
        "Advanced E-mail",
        "WhatsApp",
        "Signed CallTM"
    ],
    "Feature_Comparison": {
        "Essentials": {
            "Behavioral_Analytics": {
                "Funnels": true,
                "Cohorts": true,
                "Events": true,
                "Trends": true,
                "Session_Analytics": true,
                "Uninstall_Tracking": true,
                "Unified_User_Profile": true,
                "Pivots": false,
                "Flows": false,
                "Shared_Boards": true,
                "Advanced_cohorts_with_retention_modes": false,
                "Aggregated_Event_Properties": false,
                "Composite_Events": false,
                "Segment_Comparison": false,
                "Functions_and_Formulas": false,
                "Event_Comparison": false
            },
            "Messaging_Channels": {
                "Push_Notifications": true,
                "In-App_Messages": true,
                "App_Inbox": true,
                "Web_Push": true,
                "Web_Pop-up": true,
                "Web_Native_Display": false,
                "Email": true,
                "SMS": true,
                "Webhooks": true,
                "App_Native_Display": false,
                "Google_Ads": false,
                "Facebook_Audiences": false,
                "WhatsApp_Connect": false,
                "WhatsApp_Direct": false
            },
            "Orchestration": {
                "Journeys": true,
                "IntelliNODE": false
            },
            "Templates": {
                "Basic_Templates": true,
                "Scribe": false
            },
            "Lifecycle_Optimization": {
                "Lifecycle_Optimizer": false
            },
            "Campaign_Optimization": {
                "Message_AB_Tests": true,
                "Best_Time_to_Deliver": false,
                "Send_to_All_Devices": true,
                "Email_Editor": true,
                "Enhanced_Push_Delivery": true
            },
            "Segmentation": {
                "Psychographic": true,
                "Behavioral": true,
                "Live_User": true,
                "Recency_Frequency_Monetary": false,
                "Intent-Based": false,
                "Custom_List": true,
                "Email_subscription_groups": true
            },
            "Individualization": {
                "Product_Recommendations": false,
                "Bulletins": true,
                "Linked_Content": true,
                "Liquid_Tags": true,
                "Geofencing": true,
                "Catalog_Send-Time_Personalization": true,
                "Constant_Property_Campaign": true
            },
            "Data_Management": {
                "Schema_Design": true,
                "API_access": true,
                "CSV_Downloads": true,
                "CSV_Uploads": true,
                "GCP_Export": false,
                "SFTP_Data_Imports": false,
                "Localized_AWS_Instances": true,
                "Batch_Data_Export_to_AWS_S3": false,
                "AWS_EventBridge": false,
                "Bulk_export_to_Mixpanel": false,
                "Bulk_export_to_mParticle": false,
                "Bulk_export_to_Amplitude": false,
                "Bulk_export_to_Segment": false,
                "Bulk_export_to_Azure": false
            },
            "Access_Workflows": {
                "Two-Factor_Authentication": true,
                "Single_Sign-on": true,
                "Role-Based_Access": true,
                "Advanced_Role-Based_Access": false,
                "Campaign_Approval_Workflows": false
            },
            "Customer_Success": {
                "Online_Support": true,
                "Customizable_Support": false,
                "Data_Retention_Policy": "3 years"
            }
        },
        "Advanced": {
            "Behavioral_Analytics": {
                "Funnels": true,
                "Cohorts": true,
                "Events": true,
                "Trends": true,
                "Session_Analytics": true,
                "Uninstall_Tracking": true,
                "Unified_User_Profile": true,
                "Pivots": true,
                "Flows": true,
                "Shared_Boards": true,
                "Advanced_cohorts_with_retention_modes": true,
                "Aggregated_Event_Properties": true,
                "Composite_Events": true,
                "Segment_Comparison": true,
                "Functions_and_Formulas": true,
                "Event_Comparison": true
            },
            "Messaging_Channels": {
                "Push_Notifications": true,
                "In-App_Messages": true,
                "App_Inbox": true,
                "Web_Push": true,
                "Web_Pop-up": true,
                "Web_Native_Display": true,
                "Email": true,
                "SMS": true,
                "Webhooks": true,
                "App_Native_Display": true,
                "Google_Ads": true,
                "Facebook_Audiences": true,
                "WhatsApp_Connect": false,
                "WhatsApp_Direct": true
            },
            "Orchestration": {
                "Journeys": true,
                "IntelliNODE": false
            },
            "Templates": {
                "Basic_Templates": true,
                "Scribe": false
            },
            "Lifecycle_Optimization": {
                "Lifecycle_Optimizer": false
            },
            "Campaign_Optimization": {
                "Message_AB_Tests": true,
                "Best_Time_to_Deliver": true,
                "Send_to_All_Devices": true,
                "Email_Editor": true,
                "Enhanced_Push_Delivery": true
            },
            "Segmentation": {
                "Psychographic": true,
                "Behavioral": true,
                "Live_User": true,
                "Recency_Frequency_Monetary": true,
                "Intent-Based": false,
                "Custom_List": true,
                "Email_subscription_groups": true
            },
            "Individualization": {
                "Product_Recommendations": false,
                "Bulletins": true,
                "Linked_Content": true,
                "Liquid_Tags": true,
                "Geofencing": true,
                "Catalog_Send-Time_Personalization": true,
                "Constant_Property_Campaign": true
            },
            "Data_Management": {
                "Schema_Design": true,
                "API_access": true,
                "CSV_Downloads": true,
                "CSV_Uploads": true,
                "GCP_Export": true,
                "SFTP_Data_Imports": true,
                "Localized_AWS_Instances": true,
                "Batch_Data_Export_to_AWS_S3": true,
                "AWS_EventBridge": true,
                "Bulk_export_to_Mixpanel": true,
                "Bulk_export_to_mParticle": true,
                "Bulk_export_to_Amplitude": true,
                "Bulk_export_to_Segment": true,
                "Bulk_export_to_Azure": true
            },
            "Access_Workflows": {
                "Two-Factor_Authentication": true,
                "Single_Sign-on": true,
                "Role-Based_Access": true,
                "Advanced_Role-Based_Access": true,
                "Campaign_Approval_Workflows": true
            },
            "Customer_Success": {
                "Online_Support": true,
                "Customizable_Support": "Available",
                "Data_Retention_Policy": "3 years"
            }
        },
        "Cutting Edge": {
            "Behavioral_Analytics": {
                "Funnels": true,
                "Cohorts": true,
                "Events": true,
                "Trends": true,
                "Session_Analytics": true,
                "Uninstall_Tracking": true,
                "Unified_User_Profile": true,
                "Pivots": true,
                "Flows": true,
                "Shared_Boards": true,
                "Advanced_cohorts_with_retention_modes": true,
                "Aggregated_Event_Properties": true,
                "Composite_Events": true,
                "Segment_Comparison": true,
                "Functions_and_Formulas": true,
                "Event_Comparison": true
            },
            "Messaging_Channels": {
                "Push_Notifications": true,
                "In-App_Messages": true,
                "App_Inbox": true,
                "Web_Push": true,
                "Web_Pop-up": true,
                "Web_Native_Display": true,
                "Email": true,
                "SMS": true,
                "Webhooks": true,
                "App_Native_Display": true,
                "Google_Ads": true,
                "Facebook_Audiences": true,
                "WhatsApp_Connect": true,
                "WhatsApp_Direct": true
            },
            "Orchestration": {
                "Journeys": true,
                "IntelliNODE": true
            },
            "Templates": {
                "Basic_Templates": true,
                "Scribe": true
            },
            "Lifecycle_Optimization": {
                "Lifecycle_Optimizer": true
            },
            "Campaign_Optimization": {
                "Message_AB_Tests": true,
                "Best_Time_to_Deliver": true,
                "Send_to_All_Devices": true,
                "Email_Editor": true,
                "Enhanced_Push_Delivery": true
            },
            "Segmentation": {
                "Psychographic": true,
                "Behavioral": true,
                "Live_User": true,
                "Recency_Frequency_Monetary": true,
                "Intent-Based": true,
                "Custom_List": true,
                "Email_subscription_groups": true
            },
            "Individualization": {
                "Product_Recommendations": true,
                "Bulletins": true,
                "Linked_Content": true,
                "Liquid_Tags": true,
                "Geofencing": true,
                "Catalog_Send-Time_Personalization": true,
                "Constant_Property_Campaign": true
            },
            "Data_Management": {
                "Schema_Design": true,
                "API_access": true,
                "CSV_Downloads": true,
                "CSV_Uploads": true,
                "GCP_Export": true,
                "SFTP_Data_Imports": true,
                "Localized_AWS_Instances": true,
                "Batch_Data_Export_to_AWS_S3": true,
                "AWS_EventBridge": true,
                "Bulk_export_to_Mixpanel": true,
                "Bulk_export_to_mParticle": true,
                "Bulk_export_to_Amplitude": true,
                "Bulk_export_to_Segment": true,
                "Bulk_export_to_Azure": true
            },
            "Access_Workflows": {
                "Two-Factor_Authentication": true,
                "Single_Sign-on": true,
                "Role-Based_Access": true,
                "Advanced_Role-Based_Access": true,
                "Campaign_Approval_Workflows": true
            },
            "Customer_Success": {
                "Online_Support": true,
                "Customizable_Support": "Available",
                "Data_Retention_Policy": "10 years"
            }
        }
    }
}