{
  "For Individuals": {
    "Basic": {
      "Pricing": "Unlock to view pricing",
      "Responses per year": "2,500",
      "Full Users": "1",
      "Contacts": "10,000",
      "Emails": "7,500",
      "Features": ["Schedule surveys"],
      "Comparison": "Starter"
    },
    "Starter": {
      "Pricing": "Unlock to view pricing",
      "Responses per year": "15,000",
      "Full Users": "1",
      "Contacts": "20,000",
      "Emails": "45,000",
      "Features": ["Schedule reports"],
      "Comparison": "Basic"
    }
  },
  "For Teams": {
    "Business": {
      "Pricing": "Unlock to view pricing",
      "Responses per year": "50,000",
      "Full Users": "3",
      "Contacts": "200,000",
      "Emails": "150,000",
      "Features": ["Survey branding", "Password protected reports"],
      "Comparison": "Professional"
    },
    "Professional": {
      "Pricing": "Unlock to view pricing",
      "Responses per year": "100,000",
      "Full Users": "5",
      "Contacts": "200,000",
      "Emails": "300,000",
      "Features": ["Custom SMTP", "Two-Factor authentication"],
      "Comparison": "Business"
    },
    "Enterprise": {
      "Pricing": "Contact us",
      "Features": ["Complete branding", "Global throttling", "Custom data center", "Single Sign-On (SSO)"],
      "Comparison": null
    }
  }
}