{
    "Products": {
        "TallyPrime": {
            "Description": "Fast and Powerful Business Management Software for your growing business",
            "Pricing": null
        },
        "Tally Software Services": {
            "Description": "Collection of Connected Services for TallyPrime",
            "Pricing": null
        },
        "TallyPrime Server": {
            "Description": "Enterprise Class Product to improve your business efficiencies",
            "Pricing": null
        },
        "TallyPrime powered by AWS": {
            "Description": "TallyPrime on AWS solution to access TallyPrime license and data virtually",
            "Pricing": null
        },
        "Shoper 9": {
            "Description": "A Complete Retail Enterprise Solution",
            "Pricing": null
        }
    },
    "Features": {
        "Accounting": "Simplify & streamline your business’s accounting processes by automating it with TallyPrime",
        "Inventory Management": "Fast, flexible & faultless tracking and management of stock & inventory",
        "e-Invoice": "Easy & automatic generation of error-free e-invoices with IRN and QR code in seconds",
        "Taxation & Compliance": "Precise bookkeeping & GST returns filing for hassle-free tax compliance",
        "TallyPrime with WhatsApp": "Share invoices & documents instantly"
    },
    "Comparisons": null,
    "Pricing": {
        "Product Subscription": {
            "Renew TSS": null,
            "TallyPrime Monthly Subscription": null,
            "TallyPrime Lifetime License": null
        }
    }
}