{
    "Pricing Information": {
        "Basic": {
            "Simplified Design and Management": {
                "Dashboard Design & Interactivity": "Yes",
                "Management Reporting": "Yes",
                "Platform APIs": "Yes",
                "ETL Connectors": "Yes",
                "User and Model Management": "Yes",
                "Application Lifecycle Management": "No",
                "Audit": "No",
                "Mobile Access": "Yes"
            },
            "Intuitive Model Building Capability": {
                "App Hub Access": "Yes",
                "Core Model Building Functionality": "Yes",
                "Self-Service Data Import & Export": "Yes",
                "Visual Model Maps": "Yes",
                "Cross-Workspace Data Link": "No",
                "Additional Hyperbyte Allowance": "No",
                "MyPages": "Yes",
                "Page Builder Functionality": "Yes"
            },
            "Connected Planning Integration": {
                "Statistical Calculations": "Yes",
                "Microsoft Office": "Yes",
                "DocuSign": "No",
                "HyperConnect": "$",
                "CloudWorks™": "Yes"
            },
            "Additional Features": {
                "Optimizer": "No",
                "Bring Your Own Key (BYOK)": "No",
                "HyperModeling": "$",
                "PlanIQ": "$"
            },
            "World-Class Support Offers": {
                "Basic Support & On-Demand Training": "Yes",
                "Success Accelerators": "No"
            }
        },
        "Professional": {
            "Simplified Design and Management": {
                "Dashboard Design & Interactivity": "Yes",
                "Management Reporting": "Yes",
                "Platform APIs": "Yes",
                "ETL Connectors": "Yes",
                "User and Model Management": "Yes",
                "Application Lifecycle Management": "Yes",
                "Audit": "Yes",
                "Mobile Access": "Yes"
            },
            "Intuitive Model Building Capability": {
                "App Hub Access": "Yes",
                "Core Model Building Functionality": "Yes",
                "Self-Service Data Import & Export": "Yes",
                "Visual Model Maps": "Yes",
                "Cross-Workspace Data Link": "Yes",
                "Additional Hyperbyte Allowance": "No",
                "MyPages": "Yes",
                "Page Builder Functionality": "Yes"
            },
            "Connected Planning Integration": {
                "Statistical Calculations": "Yes",
                "Microsoft Office": "Yes",
                "DocuSign": "Yes",
                "HyperConnect": "$",
                "CloudWorks™": "Yes"
            },
            "Additional Features": {
                "Optimizer": "$",
                "Bring Your Own Key (BYOK)": "No",
                "HyperModeling": "$",
                "PlanIQ": "$"
            },
            "World-Class Support Offers": {
                "Basic Support & On-Demand Training": "Yes",
                "Success Accelerators": "$"
            }
        },
        "Enterprise": {
            "Simplified Design and Management": {
                "Dashboard Design & Interactivity": "Yes",
                "Management Reporting": "Yes",
                "Platform APIs": "Yes",
                "ETL Connectors": "Yes",
                "User and Model Management": "Yes",
                "Application Lifecycle Management": "Yes",
                "Audit": "Yes",
                "Mobile Access": "Yes"
            },
            "Intuitive Model Building Capability": {
                "App Hub Access": "Yes",
                "Core Model Building Functionality": "Yes",
                "Self-Service Data Import & Export": "Yes",
                "Visual Model Maps": "Yes",
                "Cross-Workspace Data Link": "Yes",
                "Additional Hyperbyte Allowance": "Yes",
                "MyPages": "Yes",
                "Page Builder Functionality": "Yes"
            },
            "Connected Planning Integration": {
                "Statistical Calculations": "Yes",
                "Microsoft Office": "Yes",
                "DocuSign": "Yes",
                "HyperConnect": "$",
                "CloudWorks™": "Yes"
            },
            "Additional Features": {
                "Optimizer": "Yes",
                "Bring Your Own Key (BYOK)": "$",
                "HyperModeling": "$",
                "PlanIQ": "$"
            },
            "World-Class Support Offers": {
                "Basic Support & On-Demand Training": "Yes",
                "Success Accelerators": "$"
            }
        }
    }
}