{
    "plans": {
        "Basic": {
            "price": "25 USD /mo",
            "price_yearly": "Save 58 USD /yr",
            "features": [
                "100 responses/mo included",
                "1 user",
                "Unlimited typeforms",
                "Unlimited questions"
            ]
        },
        "Plus": {
            "price": "50 USD /mo",
            "price_yearly": "Save 118 USD /yr",
            "features": [
                "1,000 responses/mo included",
                "3 users",
                "Everything in Basic",
                "Remove Typeform branding",
                "Custom subdomain"
            ]
        },
        "Business": {
            "price": "83 USD /mo",
            "price_yearly": "Save 198 USD /yr",
            "features": [
                "10,000 responses/mo included",
                "5 users",
                "Everything in Plus",
                "Drop-off rates",
                "Conversion tracking",
                "Priority support and live chat"
            ]
        },
        "Enterprise": {
            "price": "Contact Sales",
            "features": [
                "Tailored response limits and seats",
                "VIP support and dedicated outcomes manager",
                "Custom domains and branding",
                "Single Sign-On (SSO)",
                "HIPAA and GDPR compliance available",
                "Select preferred data center"
            ]
        }
    },
    "comparison": {
        "Usage Limits": {
            "Number of forms": "Unlimited",
            "Questions per form": "Unlimited",
            "Seats": {
                "Basic": 1,
                "Plus": 3,
                "Business": 5,
                "Enterprise": "Bespoke"
            },
            "Monthly response base": {
                "Basic": 100,
                "Plus": 1,000,
                "Business": 10,000,
                "Enterprise": "Bespoke"
            },
            "Maximum monthly response limit": {
                "Basic": 750,
                "Plus": 2,500,
                "Business": 50,000,
                "Enterprise": "Bespoke"
            }
        },
        "Be on-brand": [
            "Start with a template",
            "Add your brand logo",
            "Customize your form’s metadata",
            "Apply premium themes",
            "Remove Typeform branding from your forms (Plus and above)",
            "Create a brand kit (Plus and above)",
            "Create custom links for different forms (Plus and above)",
            "Create a custom subdomain for your account (Plus and above)",
            "Add custom fonts (Coming soon!) (Plus and above)",
            "Connect a custom domain to your account (Enterprise)"
        ],
        "Customize your forms": [
            "Multiple endings per form",
            "Add logic to your forms",
            "Recall information",
            "Add scores and calculations to your forms",
            "Create a quiz",
            "Add custom variables",
            "Personalize with hidden fields",
            "Create forms in multiple languages",
            "Add video questions (Growth plans)",
            "Prevent spam submissions with reCAPTCHA (Growth plans)"
        ],
        "Share and embed": [
            "Embed forms",
            "Set up custom launch options for embedded forms",
            "Set forms to close on submit"
        ],
        "Connect your apps": [
            "500+ integrations with Zapier",
            "Airtable",
            "Google Sheets",
            "Hubspot",
            "Pipedrive",
            "Mailchimp",
            "Slack",
            "Calendly",
            "Salesforce",
            "Google Analytics",
            "Google Tag Manager",
            "Meta Pixel"
        ],
        "Automate your workflows": [
            "Number of follow-ups per form: Unlimited",
            "Set up conditions for follow-ups",
            "Set up email notifications",
            "Set up automated lead scoring",
            "Set up automated lead routing",
            "Send follow-up emails to respondents",
            "Redirect respondents to a webpage",
            "B2B data enrichment (Growth plans)"
        ],
        "Generate insights and optimize performance": [
            "Download responses",
            "View form performance metrics",
            "Visualize performance over time",
            "Access question by question insights",
            "Receive performance optimization tips",
            "Smart Insights",
            "Ask AI"
        ],
        "Capture more": {
            "Receive file uploads": {
                "Basic": "1 GB",
                "Plus": "2 GB",
                "Business": "4 GB",
                "Enterprise": "4 GB"
            },
            "Accept payments": True,
            "Collect partial responses": True,
            "Collect video answers (Growth plans)": True
        },
        "Security and compliance": [
            "Ensure GDPR Compliance",
            "Set up Single Sign-On (SSO) (Enterprise)",
            "Set up two-factor authentication (2FA)",
            "Ensure HIPAA Compliance (Enterprise)",
            "Choose your preferred data center (US or EU) (Enterprise)"
        ],
        "Account management": [
            "See user login activity",
            "Add users to Organizations and Workspaces",
            "Assign user roles and permissions",
            "Add users on Organization viewer seats",
            "Download team activity"
        ],
        "Developer tools": [
            "Access Typeform’s APIs",
            "Add Block references",
            "Add webhooks"
        ],
        "Support": {
            "Basic": "Standard support",
            "Plus": "Live chat support",
            "Business": "Priority support",
            "Enterprise": "VIP onboarding and training, Customer Outcomes Manager"
        }
    },
    "free_plan_features": [
        "Unlimited typeforms",
        "10 questions per typeform",
        "10 responses per month",
        "Logic jumps",
        "Multiple ending screens",
        "Hidden fields",
        "Calculator",
        "Templates",
        "Embed your typeform in a web page",
        "Download your data",
        "Zapier, Automate.io, Slack, Mailchimp, HubSpot, and other integrations"
    ]
}