{
    "Pro": {
        "price_monthly": "$139.95",
        "price_annually": "$139.95 (save up to 17%)",
        "features": {
            "projects": 5,
            "keywords_to_track": 500,
            "results_per_report": 10000,
            "keyword_domain_backlink_analytics": "Yes",
            "historical_data": "No",
            "content_marketing_platform": "No",
            "looker_studio_integration": "No",
            "share_of_voice_metric": "No",
            "api_access": "No"
        },
        "additional_users": "$45/mo per user",
        "semrush_local": {
            "basic_plan": "$20/mo",
            "premium_plan": "$40/mo"
        },
        "semrush_trends": "$289/mo per user",
        "semrush_social": {
            "social_management": "$29.99/mo",
            "social_content_ai": "$29.99/mo"
        },
        "agency_growth_kit": {
            "start": "$69/mo",
            "scale": "$149/mo",
            "advanced": "$249/mo"
        },
        "impacthero": "$200/mo"
    },
    "Guru": {
        "price_monthly": "$249.95",
        "price_annually": "$249.95 (save up to 17%)",
        "features": {
            "projects": 15,
            "keywords_to_track": 1500,
            "results_per_report": 30000,
            "keyword_domain_backlink_analytics": "Yes",
            "historical_data": "Yes",
            "content_marketing_platform": "Yes",
            "looker_studio_integration": "Yes",
            "share_of_voice_metric": "No",
            "api_access": "No"
        },
        "additional_users": "$80/mo per user",
        "semrush_local": {
            "basic_plan": "$20/mo",
            "premium_plan": "$40/mo"
        },
        "semrush_trends": "$289/mo per user",
        "semrush_social": {
            "social_management": "$29.99/mo",
            "social_content_ai": "$29.99/mo"
        },
        "agency_growth_kit": {
            "start": "$69/mo",
            "scale": "$149/mo",
            "advanced": "$249/mo"
        },
        "impacthero": "$200/mo"
    },
    "Business": {
        "price_monthly": "$499.95",
        "price_annually": "$499.95 (save up to 17%)",
        "features": {
            "projects": 40,
            "keywords_to_track": 5000,
            "results_per_report": 50000,
            "keyword_domain_backlink_analytics": "Yes",
            "historical_data": "Yes",
            "content_marketing_platform": "Yes",
            "looker_studio_integration": "Yes",
            "share_of_voice_metric": "Yes",
            "api_access": "Yes"
        },
        "additional_users": "$100/mo per user",
        "semrush_local": {
            "basic_plan": "$20/mo",
            "premium_plan": "$40/mo"
        },
        "semrush_trends": "$289/mo per user",
        "semrush_social": {
            "social_management": "$29.99/mo",
            "social_content_ai": "$29.99/mo"
        },
        "agency_growth_kit": {
            "start": "$69/mo",
            "scale": "$149/mo",
            "advanced": "$249/mo"
        },
        "impacthero": "$200/mo"
    },
    "Comparisons": {
        "projects": {
            "Pro": 5,
            "Guru": 15,
            "Business": 40
        },
        "keywords_to_track": {
            "Pro": 500,
            "Guru": 1500,
            "Business": 5000
        },
        "results_per_report": {
            "Pro": 10000,
            "Guru": 30000,
            "Business": 50000
        },
        "historical_data": {
            "Pro": "No",
            "Guru": "Yes",
            "Business": "Yes"
        },
        "content_marketing_platform": {
            "Pro": "No",
            "Guru": "Yes",
            "Business": "Yes"
        },
        "looker_studio_integration": {
            "Pro": "No",
            "Guru": "Yes",
            "Business": "Yes"
        },
        "share_of_voice_metric": {
            "Pro": "No",
            "Guru": "No",
            "Business": "Yes"
        },
        "api_access": {
            "Pro": "No",
            "Guru": "No",
            "Business": "Yes"
        }
    }
}