{
    "Languages": [
        "Bahasa Indonesia (Bahasa Indonesia)",
        "Bahasa Malaysia (Malay)",
        "Čeština (Czech)",
        "Dansk (Danish)",
        "Deutsch (German)",
        "English (English)",
        "Español (Spanish)",
        "繁體中文 (Chinese (Traditional))",
        "Français (French)",
        "한국어 (Korean)",
        "Italiano (Italian)",
        "简体中文 (Chinese (Simplified))",
        "Nederlands (Dutch)",
        "日本語 (Japanese)",
        "Norsk (Norwegian)",
        "Polski (Polish)",
        "Português (Portuguese)",
        "Română (Romanian)",
        "Русский (Russian)",
        "Svenska (Swedish)",
        "Tagalog (Tagalog)",
        "ภาษาไทย (Thai)",
        "Türkçe (Turkish)",
        "العربية (Arabic)"
    ],
    "Error Messages": {
        "Arabic": {
            "Title": "لم يتم العثور على الصفحة",
            "Message": "عفواً، لم نتمكن من العثور على الصفحة التي تبحث عنها. برجاء المحاولة مرة أخرى للصفحة السابقة أو الانتقال لـمركز المساعدة للمزيد من المعلومات",
            "Button": "الإنتقال لموجزك الرئيسي"
        },
        "Czech": {
            "Title": "Stránka nenalezena",
            "Message": "Omlouváme se, nemůžeme najít stránku, kterou hledáte. Zkuste se vrátit zpátky na předchozí stránku, nebo se podívejte do našeho Centra nápovědy pro více informací",
            "Button": "Přejít do informačního kanálu"
        },
        "Danish": {
            "Title": "Siden blev ikke fundet",
            "Message": "Vi kan desværre ikke finde den side, du leder efter. Gå tilbage til den forrige side, eller besøg Hjælp for at få flere oplysninger",
            "Button": "Gå til dit feed"
        },
        "German": {
            "Title": "Seite nicht gefunden",
            "Message": "Die gewünschte Seite konnte leider nicht gefunden werden. Versuchen Sie, zur vorherigen Seite zurückzukehren, oder besuchen Sie unseren Hilfebereich, um mehr zu erfahren.",
            "Button": "Zu Ihrem Feed"
        },
        "English": {
            "Title": "Page not found",
            "Message": "Uh oh, we can’t seem to find the page you’re looking for. Try going back to the previous page or see our Help Center for more information",
            "Button": "Go to your feed"
        },
        "Spanish": {
            "Title": "Página no encontrada",
            "Message": "Vaya, parece que no podemos encontrar la página que buscas. Intenta volver a la página anterior o visita nuestro Centro de ayuda para más información.",
            "Button": "Ir a tu feed"
        },
        "French": {
            "Title": "Impossible de trouver cette page",
            "Message": "Nous ne trouvons pas la page que vous recherchez. Essayez de retourner à la page précédente ou consultez notre assistance clientèle pour plus d’informations",
            "Button": "Ouvrez votre fil"
        },
        "Indonesian": {
            "Title": "Halaman ini tidak dapat ditemukan",
            "Message": "Maaf, sepertinya kami tidak dapat menemukan halaman yang Anda cari. Coba kembali ke halaman sebelumnya atau lihat Pusat Bantuan kami untuk informasi lebih lanjut",
            "Button": "Buka feed Anda"
        },
        "Italian": {
            "Title": "Pagina non trovata",
            "Message": "Non abbiamo trovato la pagina che stai cercando. Prova a tornare alla pagina precedente o visita il nostro Centro assistenza per saperne di più.",
            "Button": "Vai al tuo feed"
        },
        "Japanese": {
            "Title": "ページが見つかりませんでした",
            "Message": "申し訳ありません。お探しのページが見つかりません。前のページに戻るか、ヘルプセンターで詳細をご確認ください",
            "Button": "フィードに移動"
        },
        "Korean": {
            "Title": "페이지 없음",
            "Message": "원하시는 페이지를 찾을 수 없습니다. 이전 페이지로 돌아가거나 고객센터에서 자세히 알아보세요.",
            "Button": "홈으로 가기"
        },
        "Malay": {
            "Title": "Laman tidak ditemui",
            "Message": "Harap maaf, kami tidak dapat menemui laman yang ingin anda cari. Cuba kembali ke laman sebelumnya atau lihat Pusat Bantuan kami untuk maklumat lanjut",
            "Button": "Pergi ke suapan"
        },
        "Dutch": {
            "Title": "Pagina niet gevonden",
            "Message": "De pagina waar u naar op zoek bent, kan niet worden gevonden. Probeer terug te gaan naar de vorige pagina of bezoek het Help Center voor meer informatie",
            "Button": "Ga naar uw feed"
        },
        "Norwegian": {
            "Title": "Fant ikke siden",
            "Message": "Vi finner ikke siden du leter etter. Gå tilbake til forrige side eller besøk vår brukerstøtte for mer informasjon",
            "Button": "Gå til din feed"
        },
        "Polish": {
            "Title": "Nie znaleziono strony",
            "Message": "Nie możemy znaleźć strony, której szukasz. Spróbuj wrócić do poprzedniej strony lub nasze Centrum pomocy, aby uzyskać więcej informacji",
            "Button": "Przejdź do swojego kanału"
        },
        "Portuguese": {
            "Title": "Página não encontrada",
            "Message": "A página que você está procurando não foi encontrada. Volte para a página anterior ou visite nossa Central de Ajuda para mais informações",
            "Button": "Voltar para seu feed"
        },
        "Romanian": {
            "Title": "Pagina nu a fost găsită",
            "Message": "Ne pare rău, nu găsim pagina pe care o căutaţi. Reveniţi la pagina anterioară sau consultaţi Centrul nostru de asistenţă pentru mai multe informaţii",
            "Button": "Accesaţi fluxul dvs."
        },
        "Russian": {
            "Title": "Страница не найдена",
            "Message": "Не удаётся найти искомую вами страницу. Вернитесь на предыдущую страницу или посетите страницу нашего справочного центра для получения дополнительной информации.",
            "Button": "Перейти к ленте"
        },
        "Swedish": {
            "Title": "Sidan kunde inte hittas.",
            "Message": "Sidan du letar efter hittades inte. Gå tillbaka till föregående sida eller besök vårt Hjälpcenter för mer information",
            "Button": "Gå till ditt nyhetsflöde"
        },
        "Thai": {
            "Title": "ไม่พบหน้าเพจ",
            "Message": "ขออภัย ดูเหมือนเราไม่พบหน้าที่คุณกำลังมองหาอยู่ ลองกลับไปที่หน้าเพจก่อน หรือดู ศูนย์ความช่วยเหลือ ของเราสำหรับข้อมูลเพิ่มเติม",
            "Button": "ไปที่ฟีดของคุณ"
        },
        "Tagalog": {
            "Title": "Hindi Nahanap ang Pahina",
            "Message": "Naku, mukhang hindi namin mahanap ang pahina na hinahanap mo. Subukang bumalik sa nakaraang pahina o tingnan ang aming Help Center para sa higit pang impormasyon",
            "Button": "Pumunta sa iyong feed"
        },
        "Turkish": {
            "Title": "Sayfa bulunamadı",
            "Message": "Aradığınız sayfa bulunamadı. Önceki sayfaya geri dönün veya daha fazla bilgi için Yardım Merkezimizi görüntüleyin",
            "Button": "Haber akışınıza gidin"
        },
        "Chinese (Simplified)": {
            "Title": "未找到网页",
            "Message": "抱歉，无法找到页面。试试返回到前一页，或前往帮助中心了解更多信息",
            "Button": "前往动态汇总"
        },
        "Chinese (Traditional)": {
            "Title": "系統找不到頁面。",
            "Message": "我們好像找不到該頁面。請回到上一頁或前往說明中心來進一步瞭解",
            "Button": "前往首頁動態"
        }
    },
    "Footer Links": [
        "اتفاقية المستخدم",
        "سياسة الخصوصية",
        "إرشادات المجتمع",
        "سياسة ملفات تعريف الارتباط",
        "سياسة حقوق النشر",
        "إعدادات إدارة الضيوف",
        "Smlouva s uživatelem",
        "Zásady ochrany soukromí",
        "Zásady komunity",
        "Zásady pro soubory cookie",
        "Zásady ochrany autorských práv",
        "Volby pro hosty",
        "Brugeraftale",
        "Privatlivspolitik",
        "Forumretningslinjer",
        "Politik for cookies",
        "Ophavsretspolitik",
        "Indstillinger for gæster",
        "Nutzervereinbarung",
        "Datenschutzrichtlinie",
        "Netzwerkrichtlinien",
        "Cookie-Richtlinie",
        "Copyright-Richtlinie",
        "Einstellungen für Nichtmitglieder",
        "User Agreement",
        "Privacy Policy",
        "Community Guidelines",
        "Cookie Policy",
        "Copyright Policy",
        "Guest Controls",
        "Condiciones de uso",
        "Política de privacidad",
        "Directrices comunitarias",
        "Política de cookies",
        "Política de copyright",
        "Controles de invitados",
        "Conditions générales d’utilisation de LinkedIn",
        "Politique de confidentialité",
        "Directives de la communauté",
        "Politique relative aux cookies",
        "Politique de copyright",
        "Réglages invités",
        "Perjanjian Pengguna",
        "Kebijakan Privasi",
        "Panduan Komunitas",
        "Kebijakan Cookie",
        "Kebijakan Hak Cipta",
        "Pengaturan Tamu",
        "Contratto di licenza",
        "Informativa sulla privacy",
        "Linee guida della community",
        "Informativa sui cookie",
        "Informativa sul copyright",
        "Controlli ospite",
        "利用規約",
        "プライバシーポリシー",
        "コミュニティガイドライン",
        "Cookieポリシー",
        "著作権ポリシー",
        "ゲスト向け管理機能",
        "사용자약관",
        "개인정보 취급방침",
        "커뮤니티정책",
        "쿠키정책",
        "저작권정책",
        "비회원 설정",
        "Perjanjian Pengguna",
        "Dasar Privasi",
        "Garis Panduan Komuniti",
        "Dasar Kuki",
        "Dasar Hak Cipta",
        "Kawalan Tetamu",
        "Gebruikersovereenkomst",
        "Privacybeleid",
        "Communityrichtlijnen",
        "Cookiebeleid",
        "Auteursrechtenbeleid",
        "Instellingen voor gasten",
        "Brukeravtale",
        "Personvernerklæring",
        "Retningslinjer for fellesskapet",
        "Retningslinjer for informasjonskapsler",
        "Retningslinjer vedrørende opphavsrett",
        "Gjestestyring",
        "Umowa użytkownika",
        "Polityka ochrony prywatności",
        "Wskazówki dotyczące społeczności",
        "Zasady korzystania z plików cookie",
        "Copyright",
        "Ustawienia gościa",
        "Contrato do Usuário",
        "Política de Privacidade do LinkedIn",
        "Diretrizes da Comunidade",
        "Política de Cookies",
        "Política de Direitos Autorais",
        "Controles de visitantes",
        "Acordul utilizatorului",
        "Politica de confidențialitate",
        "Linii directoare comunitate",
        "Politica privind modulele cookie",
        "Politica de copyright",
        "Controale vizitator",
        "Пользовательское соглашение",
        "Политика конфиденциальности",
        "Правила сообщества",
        "Политика использования файлов cookie",
        "Политика защиты авторских прав",
        "Настройки гостя",
        "Användaravtal",
        "Sekretesspolicy",
        "Riktlinjer",
        "Cookiepolicy",
        "Upphovsrättspolicy",
        "Gästinställningar",
        "ข้อตกลงผู้ใช้",
        "นโยบายสิทธิส่วนบุคคล",
        "แนวทางชุมชน",
        "นโยบายสำหรับคุกกี้",
        "นโยบายลิขสิทธิ์",
        "การควบคุมสำหรับผู้เยี่ยมชม",
        "Kasunduan sa Gumagamit",
        "Patakaran sa Pagkapribado",
        "Mga alituntunin sa komunidad",
        "Patakara sa Cookie",
        "Patakaran sa Copyright",
        "Mga kontrol ng Panauhin",
        "Kullanıcı Anlaşması",
        "Gizlilik Politikası",
        "Topluluk Yönergeleri",
        "Çerez Politikası",
        "Telif Hakkı Politikası",
        "Ziyaretçi Kontrolleri",
        "用户协议",
        "隐私政策",
        "社区准则",
        "Cookie 政策",
        "版权政策",
        "访客设置",
        "用戶協議",
        "隱私權政策",
        "社群指南",
        "Cookie 政策",
        "著作權政策",
        "訪客控管"
    ]
}