{
    "plans": {
        "Starter": {
            "usual_price": "$29",
            "discounted_price": "$14.50",
            "currency": "USD",
            "discount_savings": "$87",
            "features": {
                "Send invoices and quotes": "Send quotes and 20 invoices†",
                "Enter bills": "Enter 5 bills",
                "Reconcile bank transactions": "Included",
                "Capture bills and receipts with Hubdoc": "Included",
                "Short-term cash flow and business snapshot": "Included",
                "Bulk reconcile transactions": "Excluded",
                "Use multiple currencies": "Excluded",
                "Claim expenses": {
                    "optional": "From $4 per month"
                },
                "Track projects": {
                    "optional": "From $7 per month"
                },
                "Analytics Plus": {
                    "optional": "Try free for 4 months^"
                }
            }
        },
        "Standard": {
            "usual_price": "$46",
            "discounted_price": "$23",
            "currency": "USD",
            "discount_savings": "$138",
            "features": {
                "Send invoices and quotes": "Included",
                "Enter bills": "Included",
                "Reconcile bank transactions": "Included",
                "Capture bills and receipts with Hubdoc": "Included",
                "Short-term cash flow and business snapshot": "Included",
                "Bulk reconcile transactions": "Included",
                "Use multiple currencies": "Excluded",
                "Claim expenses": {
                    "optional": "From $4 per month"
                },
                "Track projects": {
                    "optional": "From $7 per month"
                },
                "Analytics Plus": {
                    "optional": "Try free for 4 months^"
                }
            }
        },
        "Premium": {
            "usual_price": "$62",
            "discounted_price": "$31",
            "currency": "USD",
            "discount_savings": "$186",
            "features": {
                "Send invoices and quotes": "Included",
                "Enter bills": "Included",
                "Reconcile bank transactions": "Included",
                "Capture bills and receipts with Hubdoc": "Included",
                "Short-term cash flow and business snapshot": "Included",
                "Bulk reconcile transactions": "Included",
                "Use multiple currencies": "Included",
                "Claim expenses": {
                    "optional": "From $4 per month"
                },
                "Track projects": {
                    "optional": "From $7 per month"
                },
                "Analytics Plus": {
                    "optional": "Try free for 4 months^"
                }
            }
        }
    },
    "offer_details": {
        "validity": "until 11:59pm on 31st July 2024",
        "applicable_to": "organisations new to Xero",
        "conditions": [
            "Discount applies to base Starter, Standard or Premium plan subscriptions only",
            "Cannot be used in conjunction with any other plan offer",
            "Cannot be exchanged for any other Xero offer",
            "At the end of the offer period, the plan will be charged at Xero’s standard rates"
        ]
    },
    "additional_notes": {
        "Hubdoc": "Included in Xero Starter, Standard and Premium plans as long as it’s connected to your Xero subscription",
        "Analytics Plus": {
            "offer": "only available to new Analytics Plus customers on paid Starter, Standard and Premium plan subscriptions",
            "standard_charges_after": "$7 per organisation per month",
            "validity": "Sign up by 31st July 2024"
        },
        "invoice_limits": "for the Starter plan apply to both approving and sending invoices. Transactions initiated by app partners may automatically contribute to your invoice limit",
        "Stripe_account_fees": "Additional fees may be charged to Xero customers whose Stripe account is managed by Xero for online payments"
    }
}