{
    "Pricing": {
        "Free": {
            "Description": "For teams getting started",
            "Price": "$0/user/month",
            "Key Features": [
                "Web, desktop, and mobile apps",
                "Project & task management",
                "Board view",
                "Table view",
                "Active task limitations apply"
            ]
        },
        "Team": {
            "Description": "For growing teams",
            "Price": "$9.80/user/month",
            "Key Features": [
                "2-25 users",
                "Unlimited projects",
                "Unlimited tasks & subtasks",
                "Unlimited custom fields",
                "Unlimited request forms",
                "20 free collaborators",
                "Interactive Gantt charts",
                "Automations (50 actions/user/month)",
                "Generative AI",
                "Custom workflows",
                "Chart view",
                "Calendar view",
                "Dashboards",
                "Use case templates",
                "Google Sign-In",
                "External requester collaboration",
                "Integrations & open API",
                "2 GB storage per user"
            ]
        },
        "Business": {
            "Description": "For all teams across an organization",
            "Price": "$24.80/user/month",
            "Key Features": [
                "5-200 users",
                "Folder structure & nested projects",
                "Cross-tagging",
                "Project Blueprints",
                "Custom item types",
                "Automations (200 actions/user/month)",
                "AI risk prediction & work creation",
                "Approvals & guest approvals",
                "File and video proofing (30+ file formats)",
                "Resource management, workloads & time tracking",
                "Reports and Unlimited Dashboards",
                "User groups & permissions",
                "DAM Integrations and Cloud Content Connector",
                "Adobe Creative Cloud Extensions",
                "5 GB storage per user"
            ]
        },
        "Enterprise": {
            "Description": "For large teams",
            "Price": "Contact us",
            "Key Features": [
                "5 to unlimited users",
                "SAML-based SSO",
                "Two-Factor Authentication (2FA)",
                "Password policies",
                "Custom access roles",
                "Customizable user types",
                "Admin permissions",
                "User audit reports",
                "Automations (1000 actions/user/month)",
                "10 GB storage per user"
            ]
        },
        "Pinnacle": {
            "Description": "For teams with complex work needs",
            "Price": "Contact us",
            "Key Features": [
                "5 to unlimited users",
                "Locked Spaces",
                "Advanced reporting & BI",
                "Team utilization and performance dashboard",
                "Job roles",
                "Budgeting and billable hours",
                "Bookings (project-level effort & time planning)",
                "SharePoint and HTML5 proofing and approvals",
                "Automations (1500 actions/user/month)",
                "15 GB storage per user"
            ]
        }
    },
    "Comparison": [
        {
            "Plan": "Free",
            "Price": "$0/user/month",
            "Max Users": "N/A",
            "Storage": "N/A",
            "Automations": "N/A",
            "Custom Workflows": "N/A",
            "AI Features": "N/A"
        },
        {
            "Plan": "Team",
            "Price": "$9.80/user/month",
            "Max Users": "2-25",
            "Storage": "2 GB/user",
            "Automations": "50 actions/user/month",
            "Custom Workflows": true,
            "AI Features": "Generative AI"
        },
        {
            "Plan": "Business",
            "Price": "$24.80/user/month",
            "Max Users": "5-200",
            "Storage": "5 GB/user",
            "Automations": "200 actions/user/month",
            "Custom Workflows": true,
            "AI Features": "AI risk prediction & work creation"
        },
        {
            "Plan": "Enterprise",
            "Price": "Contact us",
            "Max Users": "5 to unlimited",
            "Storage": "10 GB/user",
            "Automations": "1000 actions/user/month",
            "Custom Workflows": true,
            "AI Features": "N/A"
        },
        {
            "Plan": "Pinnacle",
            "Price": "Contact us",
            "Max Users": "5 to unlimited",
            "Storage": "15 GB/user",
            "Automations": "1500 actions/user/month",
            "Custom Workflows": true,
            "AI Features": "N/A"
        }
    ]
}