{
    "plans": {
        "Engage": {
            "description": "Use Outreach’s sales engagement capabilities to manage and execute activities to drive efficiency and effectiveness in their roles.",
            "pricing": "Request pricing",
            "key_features": [
                "Smart Account Plan",
                "Templates & Snippets",
                "Sequences",
                "...and more"
            ]
        },
        "Call (Voice package)": {
            "description": "Purchase voice calling plans and phone numbers for our outbound motions with Call. Call packages purchased are applied to the organization and are usage/consumption-based.",
            "pricing": "Request pricing",
            "key_features": [
                "Integrated Sales Dialer",
                "Live Call Monitoring",
                "Custom Call Dispositions",
                "AI-Powered Call Summary + Q&A",
                "...and more"
            ]
        },
        "Meet": {
            "description": "Help reps and managers gain access to Outreach’s AI-powered conversation intelligence solution, Kaia, for real-time assists, post-meeting insights, coaching, and rich signals embedded across the platform.",
            "pricing": "Request pricing",
            "key_features": [
                "Real-Time Call Recording + Transcription",
                "AI-Powered Smart Meeting Assist",
                "Automated Summary + Action Items",
                "Comprehensive Search, Playlists + Clips",
                "...and more"
            ]
        },
        "Deal": {
            "description": "Get a unified view of all deals to improve the ability to identify risk, understand pipeline movement, and move deals forward.",
            "pricing": "Request pricing",
            "key_features": [
                "AI-Powered Smart Deal Assist",
                "Deal Health Score",
                "Deal Grid",
                "Deal Overview with Activity History",
                "...and more"
            ]
        },
        "Forecast": {
            "description": "Access automated roll-ups and built-in scenario modeling to help teams forecast accurately and predictably deliver results.",
            "pricing": "Request pricing",
            "key_features": [
                "Pipeline Dashboard",
                "Forecast Rollup",
                "AI-Projection",
                "Scenario Planning",
                "...and more"
            ]
        }
    },
    "faq": {
        "How does Outreach pricing work?": "Outreach is licensed on a per user basis. Packages can be customized to meet the needs of all of your sales and revenue team members - from Sales Leaders to AEs, SDRs and beyond. Additional user license types are also available for adjacent teams.",
        "What options exist to expedite on-boarding onto Outreach?": "We offer a number of professional services packages to on-board teams faster across the Outreach platform. Services range from self-serve packages to complete implementation and training packages. Get in touch to review your organizational needs and we’ll propose a quote to make sure you are set up for success.",
        "What kind of support do you offer?": "Plus support is included with Engage. Beyond that, we offer a range of leading support options including technical account management services and enterprise support. For more information, please reach out to your Outreach representative.",
        "I’m an existing customer, how do I access the new pricing packages?": "Reach out to your Outreach account executive, who can do a full walkthrough of the new packages and create a customized proposal for you."
    },
    "pricing_summary": {
        "overview": "Simplified packages for your sales teams",
        "details": "Per user pricing. No platform fees. Plus support included."
    }
}