{
    "Pricing": {
        "Starter": {
            "Price": "$15/mo",
            "Features": {
                "Email sends": "10x contact limit",
                "Users": 1,
                "Multi-step marketing automation": "5 actions per automation",
                "Email campaigns & newsletters": True,
                "Web forms": "Basic & inline only",
                "Landing pages": False,
                "Email & landing page templates": "Email only",
                "A/B testing": "Emails only",
                "Generative AI": False,
                "Conditional content": False,
                "Predictive sending": False,
                "Segmentation": "Limited",
                "Custom objects": False,
                "AI-powered automation builder": False,
                "900+ automation recipes": True,
                "Marketing CRM": False,
                "Pipelines & sales engagement": "Included in add-on",
                "Sales engagement": "Included in add-on",
                "Enhanced CRM features": {
                    "Pipeline management": "Included in add-on",
                    "Deal records": "Included in add-on",
                    "Account records": "Included in add-on",
                    "Lead scoring": "Included in add-on",
                    "1:1 email": "Included in add-on",
                    "Win probability": "Included in add-on",
                    "Sentiment analysis": "Included in add-on"
                },
                "Premium CRM integrations": False,
                "900+ integrations": True,
                "Standard ecommerce integrations": True,
                "Prospecting & retargeting ads": True,
                "Reporting & analytics": "Limited",
                "Site tracking": False,
                "Attribution & conversion tracking": False,
                "Revenue reporting": False,
                "Single Sign-On (SSO)": False,
                "Dedicated account team": False
            }
        },
        "Plus": {
            "Price": "$49/mo",
            "Features": {
                "Email sends": "10x contact limit",
                "Users": 1,
                "Multi-step marketing automation": "Unlimited actions",
                "Email campaigns & newsletters": True,
                "Web forms": True,
                "Landing pages": True,
                "Email & landing page templates": True,
                "A/B testing": "Emails only",
                "Generative AI": True,
                "Conditional content": True,
                "Predictive sending": True,
                "Segmentation": "Basic",
                "Custom objects": True,
                "AI-powered automation builder": True,
                "900+ automation recipes": True,
                "Marketing CRM": True,
                "Pipelines & sales engagement": "Included in add-on",
                "Sales engagement": "Included in add-on",
                "Enhanced CRM features": {
                    "Pipeline management": "Included in add-on",
                    "Deal records": "Included in add-on",
                    "Account records": "Included in add-on",
                    "Lead scoring": "Included in add-on",
                    "1:1 email": "Included in add-on",
                    "Win probability": "Included in add-on",
                    "Sentiment analysis": "Included in add-on"
                },
                "Premium CRM integrations": True,
                "900+ integrations": True,
                "Standard ecommerce integrations": True,
                "Prospecting & retargeting ads": True,
                "Reporting & analytics": "Basic",
                "Site tracking": True,
                "Attribution & conversion tracking": True,
                "Revenue reporting": True,
                "Single Sign-On (SSO)": False,
                "Dedicated account team": False
            }
        },
        "Pro": {
            "Price": "$79/mo",
            "Features": {
                "Email sends": "12x contact limit",
                "Users": 3,
                "Multi-step marketing automation": "Unlimited actions",
                "Email campaigns & newsletters": True,
                "Web forms": True,
                "Landing pages": True,
                "Email & landing page templates": True,
                "A/B testing": "Emails & automations",
                "Generative AI": True,
                "Conditional content": True,
                "Predictive sending": True,
                "Segmentation": "Advanced",
                "Custom objects": True,
                "AI-powered automation builder": True,
                "900+ automation recipes": True,
                "Marketing CRM": True,
                "Pipelines & sales engagement": "Included in add-on",
                "Sales engagement": "Included in add-on",
                "Enhanced CRM features": {
                    "Pipeline management": "Included in add-on",
                    "Deal records": "Included in add-on",
                    "Account records": "Included in add-on",
                    "Lead scoring": "Included in add-on",
                    "1:1 email": "Included in add-on",
                    "Win probability": "Included in add-on",
                    "Sentiment analysis": "Included in add-on"
                },
                "Premium CRM integrations": True,
                "900+ integrations": True,
                "Standard ecommerce integrations": True,
                "Prospecting & retargeting ads": True,
                "Reporting & analytics": "Advanced",
                "Site tracking": True,
                "Attribution & conversion tracking": True,
                "Revenue reporting": True,
                "Single Sign-On (SSO)": False,
                "Dedicated account team": False
            }
        },
        "Enterprise": {
            "Price": "$145/mo",
            "Features": {
                "Email sends": "15x contact limit",
                "Users": 5,
                "Multi-step marketing automation": "Unlimited actions",
                "Email campaigns & newsletters": True,
                "Web forms": True,
                "Landing pages": True,
                "Email & landing page templates": True,
                "A/B testing": "Emails & automations",
                "Generative AI": True,
                "Conditional content": True,
                "Predictive sending": True,
                "Segmentation": "Premium",
                "Custom objects": True,
                "AI-powered automation builder": True,
                "900+ automation recipes": True,
                "Marketing CRM": True,
                "Pipelines & sales engagement": "Included in add-on",
                "Sales engagement": "Included in add-on",
                "Enhanced CRM features": {
                    "Pipeline management": "Included in add-on",
                    "Deal records": "Included in add-on",
                    "Account records": "Included in add-on",
                    "Lead scoring": "Included in add-on",
                    "1:1 email": "Included in add-on",
                    "Win probability": "Included in add-on",
                    "Sentiment analysis": "Included in add-on"
                },
                "Premium CRM integrations": True,
                "900+ integrations": True,
                "Standard ecommerce integrations": True,
                "Prospecting & retargeting ads": True,
                "Reporting & analytics": "Premium",
                "Site tracking": True,
                "Attribution & conversion tracking": True,
                "Revenue reporting": True,
                "Single Sign-On (SSO)": True,
                "Dedicated account team": True
            }
        }
    }
}