{
  "Plans & Pricing": {
    "Crossbeam Core": {
      "Explorer": {
        "Cost": "Free",
        "Features": [
          "Add up to 3 seats",
          "Segment and compare ecosystem data with 3 Standard Populations",
          "Identify overlapping accounts with Standard Account Mapping",
          "Collaborate on shared account lists by invitation",
          "View overlap data in Salesforce and HubSpot with Copilot preview access",
          "Capture ecosystem intelligence with the Crossbeam Slack App"
        ],
        "Helps Growing Companies Like": []
      },
      "Connector": {
        "Cost": "$150 (Annual only)",
        "Features": [
          "Everything in Explorer, plus:",
          "No seat minimums, add users as you grow",
          "Segment and compare ecosystem data with 3 Standard Populations and 3 Custom Populations",
          "Identify and action overlapping accounts with Advanced Account Mapping",
          "Collaborate with partners using Shared Lists",
          "Make co-selling a team sport with full Crossbeam for Sales access with every seat",
          "Action partner data with Outbound Integrations available on the Connector plan",
          "Action data with Ecosystem Notifications"
        ],
        "Helps Growing Companies Like": []
      },
      "Supernode": {
        "Cost": "Custom (Contact Sales)",
        "Features": [
          "Everything in Connector, plus:",
          "Minimum 10 seats",
          "Segment and compare ecosystem data with unlimited populations",
          "Send partner data everywhere with unlimited integrations",
          "Attribute partner-sourced and influenced revenue",
          "Unlock enterprise-grade custom roles & permissions",
          "Make data governance a breeze with Audit Logs",
          "Get world-class onboarding and support with a dedicated Customer Success Manager"
        ],
        "Helps Growing Companies Like": []
      }
    },
    "Crossbeam for Sales on Connector": {
      "Cost": "$300",
      "Features": [
        "Full Crossbeam for Sales access per seat",
        "Crossbeam Copilot (Available Copilot apps for Connector include: Chrome, Salesforce, or HubSpot)",
        "Deal Navigator",
        "Messaging",
        "Crossbeam for Sales Slack App",
        "Personalized Deal Alerts"
      ],
      "Requirements": "Requires Crossbeam Connector plan",
      "Helps Growing Companies Like": []
    },
    "Crossbeam for Sales on Supernode": {
      "Cost": "Custom (Contact Sales)",
      "Features": [
        "Everything in Connector, plus:",
        "Crossbeam Copilot (all available apps in Connector, plus Gong)",
        "Deal Attribution",
        "Dedicated CSM",
        "Customized Ecosystem Enablement"
      ],
      "Requirements": "Requires Crossbeam Supernode plan",
      "Helps Growing Companies Like": []
    }
  },
  "Comparisons": {
    "Crossbeam Core Plans": {
      "EXPLORER": {
        "Connect and segment your data": {
          "Data Sources": "Unlimited",
          "Partner Connections": "Unlimited",
          "Record Overlaps": "Unlimited",
          "Standard Populations": "Up to 3 Standard Populations",
          "Custom Populations": "Up to 3 Custom Populations"
        },
        "Action your data": {
          "Account Mapping": "Standard",
          "Pipeline Mapping": "Reports",
          "Single Partner View": "Yes",
          "Shared Lists": "By invitation only",
          "Max CSV Export Size": "100 records",
          "Greenfield Sharing and Reporting": "Share only",
          "Offline Partners": "Access to one Offline Partner"
        },
        "Share insights": {
          "Slack App": "Yes",
          "Full Crossbeam for Sales Access (per seat)": "Yes",
          "Salesforce Custom Object": "Yes",
          "HubSpot Custom Object": "Yes",
          "Snowflake Custom Object": "Yes",
          "Outbound Integrations": {
            "Outbound": "Yes",
            "Rest API": "Yes"
          }
        },
        "Record exports": "Up to 5k records annually",
        "Attribution": "Manual",
        "Support and Security": {
          "Support": "Email & Chat",
          "Security Audits": "Yes",
          "Custom Roles and Permissions": "No",
          "Single Sign-On": "Google SSO",
          "Security, Privacy & Compliance": "Yes",
          "Audit Logs": "No"
        }
      },
      "CONNECTOR": {
        "Connect and segment your data": {
          "Data Sources": "Unlimited",
          "Partner Connections": "Unlimited",
          "Record Overlaps": "Unlimited",
          "Standard Populations": "Up to 3 Standard Populations",
          "Custom Populations": "Unlimited"
        },
        "Action your data": {
          "Account Mapping": "Advanced",
          "Pipeline Mapping": "Reports",
          "Single Partner View": "No",
          "Shared Lists": "External collaboration",
          "Max CSV Export Size": "Unlimited*",
          "Greenfield Sharing and Reporting": "Full Access",
          "Offline Partners": "Unlimited*"
        },
        "Share insights": {
          "Slack App": "Yes",
          "Full Crossbeam for Sales Access (per seat)": "Yes",
          "Salesforce Custom Object": "Yes",
          "HubSpot Custom Object": "Yes",
          "Snowflake Custom Object": "Yes",
          "Outbound Integrations": {
            "Outbound": "Yes",
            "Rest API": "Yes",
            "Unlimited Connector-level Outbound Integrations": "Yes"
          },
          "Unlimited Outbound Integrations": "Yes",
          "Unlimited Crossbeam Copilot Preview Seats (Salesforce and HubSpot)": "Yes"
        },
        "Record exports": "Custom",
        "Attribution": "Automatic (Coming Soon)",
        "Support and Security": {
          "Support": "Priority Email & Chat",
          "Security Audits": "Yes",
          "Custom Roles and Permissions": "Yes",
          "Single Sign-On": "Google SSO",
          "Security, Privacy & Compliance": "Yes",
          "Audit Logs": "Yes"
        }
      },
      "SUPERNODE": {
        "Connect and segment your data": {
          "Data Sources": "Unlimited",
          "Partner Connections": "Unlimited",
          "Record Overlaps": "Unlimited",
          "Standard Populations": "Up to 3 Standard Populations",
          "Custom Populations": "Unlimited"
        },
        "Action your data": {
          "Account Mapping": "Advanced",
          "Pipeline Mapping": "Reports",
          "Single Partner View": "No",
          "Shared Lists": "External collaboration",
          "Max CSV Export Size": "Unlimited*",
          "Greenfield Sharing and Reporting": "Full Access",
          "Offline Partners": "Unlimited*"
        },
        "Share insights": {
          "Slack App": "Yes",
          "Full Crossbeam for Sales Access (per seat)": "Yes",
          "Salesforce Custom Object": "Yes",
          "HubSpot Custom Object": "Yes",
          "Snowflake Custom Object": "Yes",
          "Outbound Integrations": {
            "Outbound": "Yes",
            "Rest API": "Yes",
            "Unlimited Connector-level Outbound Integrations": "Yes"
          },
          "Unlimited Outbound Integrations": "Yes",
          "Unlimited Crossbeam Copilot Preview Seats (Salesforce and HubSpot)": "Yes"
        },
        "Record exports": "Custom",
        "Attribution": "Automatic (Coming Soon)",
        "Support and Security": {
          "Support": "Customer Success Manager",
          "Security Audits": "Yes",
          "Custom Roles and Permissions": "Yes",
          "Single Sign-On": "SAML SSO",
          "Security, Privacy & Compliance": "Yes",
          "Audit Logs": "Yes"
        }
      }
    },
    "Crossbeam for Sales Seats": {
      "CONNECTOR": {
        "Annual Cost Per Additional Seat": "$300/seat/year",
        "Crossbeam Copilot": "Available Copilot Apps: Salesforce, HubSpot, Chrome",
        "Partner Overlap": "Yes",
        "Enriched Contacts": "Yes",
        "Plays": "Yes",
        "Get Ecosystem Insights": "Personalized Alerts via email, Slack, or Copilot Apps",
        "Deal Navigator": "Yes",
        "Lists": "Yes",
        "Take Action": {
          "Messages": "Yes",
          "Crossbeam for Sales Slack App": "Yes",
          "Co-Selling Templates": "Yes",
          "Co-Selling Workflows": "Yes"
        },
        "Sales Tool Integrations (Clari, Gong, etc.)": "No",
        "Attribution": "Export Attribution to Salesforce"
      },
      "SUPERNODE": {
        "Annual Cost Per Additional Seat": "Custom",
        "Crossbeam Copilot": "Available Copilot Apps: Everything in Connector, plus Gong",
        "Partner Overlap": "Yes",
        "Enriched Contacts": "Yes",
        "Plays": "Yes",
        "Get Ecosystem Insights": "Personalized Alerts via email, Slack, or Copilot Apps",
        "Deal Navigator": "Yes",
        "Lists": "Yes",
        "Take Action": {
          "Messages": "Yes",
          "Crossbeam for Sales Slack App": "Yes",
          "Co-Selling Templates": "Yes",
          "Co-Selling Workflows": "Yes"
        },
        "Sales Tool Integrations (Clari, Gong, etc.)": "Yes",
        "Attribution": "Export Attribution to Salesforce",
        "Additional Support": "Customized Ecosystem Enablement"
      }
    }
  }
}